{"cameraMode":{"drawMode":0,"name":"Shaded","section":"Shading Mode"},"sceneLighting":false,"audioPlay":false,"sceneViewState":{"showFog":true,"showMaterialUpdate":true,"showSkybox":true,"showFlares":true,"showImageEffects":true,"showParticleSystems":true},"in2DMode":false,"pivot":{"x":41.0,"y":2.951272964477539,"z":-5723.98388671875},"rotation":{"x":0.10474662482738495,"y":0.5421375036239624,"z":-0.06834109127521515,"w":0.8309300541877747},"size":23.084993362426759,"orthographic":false}